Feature,Importance
Age,0.35589099626100307
NumOfProducts,0.24940889746542377
Balance,0.15627518523776954
CreditScore,0.08193120882433227
EstimatedSalary,0.07340112726592057
Geography_Germany,0.03458690195173148
Tenure,0.024259609888654516
Gender_Male,0.013481631288965474
Geography_Spain,0.01076444181619925
