Metric,Value
Accuracy,0.76
Precision,0.4343891402714932
Recall,0.732824427480916
F1-Score,0.5454545454545454
AUC,0.8002291184718258
